"代號","名稱","股價日期","成交","漲跌價","漲跌幅","股利發放頻率","平均股利(元)","2017發放年度","2018發放年度","2019發放年度","2020發放年度","2021發放年度","2022發放年度","2023發放年度","2024發放年度","2025發放年度","2026發放年度"
="0050","元大台灣50","01/08","70.1","+0.25","+0.36","半年","3.286","2.4","2.9","3","3.6","3.4","5","4.5","4","3.06","1"
="006203","元大MSCI台灣","01/08","126.6","+0.7","+0.56","半年","1.773","1","1.15","1.25","1.68","1.34","2.23","2.13","2.7","2.45","1.8"
="006208","富邦台50","01/08","159.55","+0.55","+0.35","半年","2.365","2.65","2.65","1.799","1.62","1.955","2.278","2.213","1.683","4.437",""
="00692","富邦公司治理","01/08","61.1","+0.3","+0.49","半年","1.365","1.141","0.826","0.786","0.839","1.97","2.033","1.794","1.015","1.88",""
="00701","國泰股利精選30","01/08","29.29","+0.01","+0.03","半年","1.298","","0.17","0.47","1.66","0.98","1.9","0.86","1.09","3.85","0.7"
="00702","國泰標普低波高息","01/08","23.3","-0.06","-0.26","半年","0.698","","0.55","0.73","0.44","0.46","0.58","0.59","0.96","1.32","0.65"
="00733","富邦臺灣中小","01/08","48.26","-0.3","-0.62","半年","1.936","","","0.96","0.358","2.09","1.222","1.314","6.474","1.136",""
="00735","國泰臺韓科技","01/08","58.25","+0.45","+0.78","半年","1.296","","","0.68","0.38","1.24","1.3","1.52","3.83","0.42","1"
="00736","國泰新興市場","01/08","28.87","-0.09","-0.31","半年","0.351","","","0.38","0.25","0.4","0.46","0.32","0.23","0.47","0.3"
="00858","永豐美國500大","01/08","34.31","+0.05","+0.15","半年","1.735","","","","0.082","0.345","1.248","2.573","3.2","3.3","1.4"
="00881","國泰台灣科技龍頭","01/08","34.45","-0.18","-0.52","半年","1.317","","","","","0.54","0.85","0.81","1.75","1.3","2.65"
="00882","中信中國高股息","01/08","15.42","-0.03","-0.19","半年","0.797","","","","","0.68","1.21","0.7","0.66","1.08","0.45"
="00892","富邦台灣半導體","01/08","23.1","-0.12","-0.52","半年","0.495","","","","","0.58","0.569","0.479","0.385","0.464",""
="00911","兆豐洲際半導體","01/08","35.62","-0.24","-0.67","半年","0.975","","","","","","","0","2.2","0.7","1"
="00913","兆豐台灣晶圓製造","01/08","26.84","-0.33","-1.21","半年","1.107","","","","","","","0.8","1.12","1.4",""
="00922","國泰台灣領袖50","01/08","27.25","-0.02","-0.07","半年","1.277","","","","","","","0.57","1.38","1.88",""
="00923","群益台ESG低碳50","01/08","27.3","-0.08","-0.29","半年","1.136","","","","","","","0.561","1.153","1.693",""
="00928","中信上櫃ESG30","01/08","20.08","-0.25","-1.23","半年","0.917","","","","","","","","1.71","0.54","0.5"
="00935","野村臺灣新科技50","01/08","31.91","-0.21","-0.65","半年","0.975","","","","","","","","0.6","1.35",""
="009804","聯邦台精彩50","01/08","15.27","-0.06","-0.39","半年","0.38","","","","","","","","","0.38",""
"01004T","土銀富邦R2","01/08","10.81","0","0","半年","0.391","0.381","0.383","0.364","0.389","0.399","0.394","0.401","0.395","0.412",""
"01007T","兆豐國泰R2","01/08","13.5","+0.12","+0.9","半年","0.446","0.435","0.434","0.426","0.426","0.446","0.47","0.482","0.453","0.444",""
"01009T","王道圓滿R1","01/08","6.77","+0.06","+0.89","半年","0.293","","","0.299","0.302","0.292","0.292","0.307","0.277","0.284",""
"01010T","京城樂富R1","01/08","10.03","0","0","半年","0.358","","","0.113","0.404","0.405","0.312","0.423","0.381","0.465",""
="1108","幸福","01/08","14.9","0","0","半年","0.46","0.6","0","0","0.15","0.7","0.6","0.8","1","0.75","0"
="1219","福壽","01/08","13.35","+0.05","+0.38","半年","0.522","0.3","0.3","0.1","0.4","1","1.1","0.5","0.5","0.5",""
="1315","達新","01/08","64.1","+0.2","+0.31","半年","4.172","1.1","1.1","1.2","7.65","6","5","6","5","4.5",""
="1316","上曜","01/08","14.85","+0.15","+1.02","半年","0.47","0","2.263","1.885","0","0","0","0.549","0","0","0"
="1470","大統新創","01/08","22.75","0","0","半年","0.551","0.55","0.5","0.4","0.8","0.42","0.8","0.45","0.58","1.01","0"
="1477","聚陽","01/08","309.5","+12","+4.03","半年","10.7","6.712","6","7.1","5","8","9.5","14.5","23.4","16.1",""
="1526","日馳","01/08","16.8","+0.2","+1.2","半年","1.333","0.8","1","1","0.8","1.8","4.4","2.2","0","0",""
="1536","和大","01/08","54.8","-1.1","-1.97","半年","2.068","3.5","3.75","3.5","2","1.1","1.365","1.6","1","0.8",""
="1587","吉茂","01/08","50.5","0","0","","0.655","1","0.443","0.1","0.502","1.5","1","1","0.502","0.5","0"
="1591","駿吉-KY","01/08","50.3","+0.3","+0.6","","0.3","0","0","1","0.5","0.5","0.5","0.5","0","0","0"
="1597","直得","01/08","72.5","-1.2","-1.63","半年","1.167","1","1","1","1","1.5","1.5","2","0.8","0.7",""
="1707","葡萄王","01/08","124.5","-0.5","-0.4","半年","6.148","6.4","6.676","6.5","6.5","6.4","6.1","6.9","6.9","6.9","2.2"
="1709","和益","01/08","16.9","0","0","半年","1.01","1.505","1.496","0.497","0.5","1.2","1.7","1.8","0.6","0.8","0"
="1730","花仙子","01/08","52.6","-0.2","-0.38","半年","2.736","2.176","2.268","3.5","3.76","3.86","3","3","2.8","3","0"
="1784","訊聯","01/08","107","+2","+1.9","半年","0.377","0","0","0.281","0","0.185","0.486","0.696","0.709","1.416","0"
="1806","冠軍","01/08","8.9","+0.14","+1.6","半年","0.222","0","0","0","0","0","1","0","0","1",""
="1906","寶隆","01/08","11.95","+0.05","+0.42","半年","0.525","1.5","1","0.5","0.5","0.4","0.6","0.5","0.15","0.1","0"
="1909","榮成","01/08","9.76","0","0","半年","0.609","1.489","1.75","0.5","0.3","0.6","1.2","0.25","0","0","0"
="2012","春雨","01/08","17.05","-0.15","-0.87","半年","0.951","0.75","0.75","1.3","1.2","1.1","1.5","1","0.91","1","0"
="2066","世德","01/08","48.25","-0.25","-0.52","半年","2.824","5","3.02","3","2.322","1.7","2","4.419","3.778","3","0"
="2070","精湛","01/08","43.1","-1.1","-2.49","半年","1.5","1","2","2","1","1","1.5","1.5","2.5","1",""
="2101","南港","01/08","37.2","-0.25","-0.67","半年","0.528","1.143","0.707","0.7","1.1","0.6","0","0","0","0.5",""
="2102","泰豐","01/08","19.75","+0.45","+2.33","半年","0.013","0.1","0","0","0","0.02","0","0","0","0",""
="2109","華豐","01/08","14.95","0","0","半年","0.589","0.2","0","0","0","0.5","1","0.8","1.5","1.3",""
="2206","三陽工業","01/08","60.2","+0.1","+0.17","半年","1.45","1.034","1.018","1","1.01","1.309","1.3","1.8","3","3.028","0"
="2236","百達-KY","01/08","113","-3.5","-3","半年","0.882","1.963","0.763","0.102","0.061","1.866","3.18","0.092","0.486","0.31","0"
="2247","汎德永業","01/08","274.5","-0.5","-0.18","半年","11.66","","8","7.5","8.438","11","12","15","18","18.5","6.5"
="2254","巨鎧精密-創","01/08","59.7","+0.1","+0.17","半年","0.363","","","","","","1.11","0.34","0","0",""
="2327","國巨*","01/08","237.5","-15.5","-6.13","","14.59","3","14.86","44.83","13.06","10.08","10.1","9.994","19.97","20","0"
="2331","精英","01/08","23.3","-0.55","-2.31","半年","0.446","0","1","0","0","1.001","0","0.8","1","0.21",""
="2342","茂矽","01/08","33.7","-2.45","-6.78","半年","0.357","0","0","0.27","0","0.5","0.5","2","0","0.3","0"
="2344","華邦電","01/08","108.5","+2","+1.88","半年","0.49","0.6","1","1","0.1","0.2","1","1","0","0","0"
="2359","所羅門","01/08","132","-1.5","-1.12","半年","0.95","1","1","1.1","0.8","0.5","0.9","1.5","1.7","1","0"
="2371","大同","01/08","30.5","-0.5","-1.61","半年","0.311","0","0","0","0","0","0","0","0","3.105","0"
="2375","凱美","01/08","88.8","-4.5","-4.82","半年","1.43","0","3","3","0.5","2","2","1.5","0.8","1.5","0"
="2380","虹光","01/08","5.53","+0.5","+9.94","半年","0","0","0","0","0","0","0","0","0","0",""
="2382","廣達","01/08","273","-9","-3.19","半年","5.994","3.5","3.4","3.55","3.7","5.2","6.6","6","9","13",""
="2405","輔信","01/08","17.45","-0.7","-3.86","半年","0.066","0.12","0","0","0","0","0","0.2","0.17","0.17","0"
="2454","聯發科","01/08","1445","-45","-3.02","半年","36.3","9.5","10","9","10.5","37","73","76.01","55.01","54","29"
="2458","義隆","01/08","118","+0.5","+0.43","半年","6.345","1.57","2.58","5","6.5","9","13.81","5.115","7.122","6.408",""
="2474","可成","01/08","205.5","-2","-0.96","半年","11.69","10","12","12","10","12","10.21","15","12.5","11.49",""
="2489","瑞軒","01/08","15.8","-0.95","-5.67","半年","0.368","1.7","0","0","0","0.14","0.75","0","0.59","0.5","0"
="2496","卓越","01/08","67.7","-0.2","-0.29","半年","4.133","2.5","6.5","4","1.516","4.52","3","3.3","4.68","7.18",""
="2506","太設","01/08","9.08","-0.05","-0.55","半年","0.212","0.1","0.15","0.16","0","0.4","0.2","0.3","0.2","0.4",""
="2528","皇普","01/08","29.95","+0.1","+0.34","","0.346","0","0","0","0","0","0.468","0.5","0.496","2","0"
="2543","皇昌","01/08","62.5","+0.3","+0.48","半年","0.233","0.3","0","0","0","0","0","0.3","0.7","0.8",""
="2636","台驊控股","01/08","67.4","+0.4","+0.6","半年","4.923","0.8","1.3","2.2","1.318","3.016","13","13.18","6.5","3",""
="2751","王座","01/08","61.9","+0.3","+0.49","半年","1.596","","0.18","","0","0","0","0","5","5.992",""
="2753","八方雲集","01/08","191","+1","+0.53","半年","7.214","","","8","3","8.773","6.717","7.006","7","10",""
="2939","永邑-KY","01/08","24.05","-1.65","-6.42","半年","4.12","10.7","15","9","4.5","2","0","0","0","0","0"
="2947","振宇五金","01/08","82.6","+0.3","+0.36","半年","2.833","","","","3","3.6","5","1.5","1.8","2.1",""
="3008","大立光","01/08","2475","-75","-2.94","半年","80.35","63.5","72.5","68","79","91.5","109.7","72.5","81","85.5",""
="3042","晶技","01/08","79.7","-0.2","-0.25","半年","4.2","2.8","2.5","2","2.5","3.8","7.5","7","4.5","5.2",""
="3049","精金","01/08","7.05","-0.14","-1.95","半年","0.109","0","0","0","0.35","0.39","0.35","0","0","0","0"
="3054","立萬利","01/08","31.65","-1.05","-3.21","半年","0.057","0.11","0.4","0","0","0","0","0","0","0",""
="3149","正達","01/08","40.7","+1.1","+2.78","半年","0","0","0","0","0","0","0","0","0","0",""
="3260","威剛","01/08","286","-4","-1.38","半年","3.035","4","6","0.2","1.411","3.184","5.434","2","3","5.122","0"
="3293","鈊象","01/08","730","+6","+0.83","半年","24.8","10","11","11","25","42","50","35","35","29","0"
="3406","玉晶光","01/08","428.5","-10","-2.28","半年","7.597","0","3.5","3.495","8.991","9.991","7.994","12","12","18","0"
="3555","博士旺","01/08","91.1","+1.9","+2.13","半年","0.167","0.1","1.2","0","0","0","0.2","0","0","0",""
="3563","牧德","01/08","503","-17","-3.27","半年","11.02","4.2","10","27","13","11","12","9","7","6",""
="3617","碩天","01/08","193","-11","-5.39","半年","5.472","4.75","5","5.3","5.35","5.4","1","5","7.925","15","0"
="3680","家登","01/08","413.5","-5.5","-1.31","半年","4.09","0.37","0.25","0.254","2.028","4.861","6.801","7.951","7.296","7",""
="3708","上緯投控","01/08","109","-1.5","-1.36","半年","3.314","1.011","1.99","5","4.002","3.5","1.429","5","5.551","2.345",""
="4148","全宇生技-KY","01/08","37.9","-0.1","-0.26","半年","1.47","2.15","2.65","2.4","1","1","1.5","2.5","1","0.5","0"
="4414","如興","01/08","10.95","0","0","半年","0","0","0","0","0","0","0","0","0","0",""
="4420","光明","01/08","50","+0.15","+0.3","半年","6.056","1.2","1.2","2.6","2","2","2","2","36","5.5",""
="4536","拓凱","01/08","163.5","+1","+0.62","半年","6.2","6","3","5.5","6","5","6","11","8.5","11","0"
="4714","永捷","01/08","16.6","-0.3","-1.78","半年","0.302","0.186","0.475","1.581","0.097","0.086","0.4","0","0","0.2","0"
="4763","材料*-KY","01/08","51.8","-1.1","-2.08","半年","7.299","5","5","4","4.754","4.783","8.825","9.057","29.07","2.5","0"
="4764","雙鍵","01/08","122.5","-9","-6.84","半年","1.232","2.2","2.7","5","1.222","0.3","0.4","0.5","0","0","0"
="4923","力士","01/08","27.7","-0.1","-0.36","半年","1.524","0.3","0","2.8","0","1.107","4.507","3","2","0",""
="4924","欣厚-KY","01/08","10.95","-0.35","-3.1","半年","0","0","0","0","0","0","0","0","0","0",""
="4960","誠美材","01/08","13.45","-0.45","-3.24","半年","0.08","0","0","0","0","0","0.5","0.3","0","0","0"
="4966","譜瑞-KY","01/08","619","+2","+0.32","半年","17.14","8.881","12.22","12.31","15.07","21.74","32.48","30.77","12.77","16.47","8.71"
="5283","禾聯碩","01/08","59.1","-0.8","-1.34","半年","5.986","3","7","9","8.164","8","8","8","8","0.5","0.2"
="5284","jpp-KY","01/08","278.5","+5.5","+2.01","半年","2.391","2.557","3.17","2.6","1.9","2.1","2.3","2.8","5","1.484","0"
="5287","數字","01/08","169","+0.5","+0.3","半年","12.62","15","15.5","12.5","12.8","12","15.8","10.1","9.56","10.3",""
="5288","豐祥-KY","01/08","147","-5","-3.29","半年","5.03","4","4","5","5.5","4","4.5","7.055","7.738","8.512","0"
="5432","新門","01/08","169","-12","-6.63","半年","0.35","0","0","0.5","0","0","0","1","1","1","0"
="5438","東友","01/08","22.15","-0.5","-2.21","半年","0.707","1.2","1.5","1.05","0.44","0.1","0.41","0.51","0.5","0.65",""
="5483","中美晶","01/08","115","-8","-6.5","半年","5.48","1.5","3","3","5","9","8","9","8.8","6.5","1"
="5493","三聯","01/08","90.1","-4.1","-4.35","半年","2.098","2","1.6","1.75","2.534","2","3.1","2.8","2.6","2.6","0"
="5522","遠雄","01/08","74.5","+1.1","+1.5","半年","3.834","3.8","2.5","3","4.61","4.5","6.5","4","3.5","2.1",""
="5536","聖暉*","01/08","786","-16","-2","半年","12.07","8.014","13","15","15","12","15","11.68","10.5","15","5.5"
="6021","美好證","01/08","28","+0.85","+3.13","半年","0.488","0","0.35","1","0","0","0","0.3","0.9","1.84",""
="6121","新普","01/08","365","+4","+1.11","半年","18.49","6","10","11.5","14.5","19.1","39.1","24.5","20.8","20.9",""
="6184","大豐電","01/08","47.35","+0.15","+0.32","半年","2.633","0.5","2.5","2.5","3","3","3","3","3","3.194",""
="6188","廣明","01/08","117","-1","-0.85","半年","2.211","1.5","1.2","1.5","2","1","2.8","3.2","3.2","3.5",""
="6208","日揚","01/08","45.05","0","0","半年","1.61","0.8","1.4","1.7","1.7","1.99","2.2","2.7","0","2",""
="6259","百徽","01/08","17.9","-0.1","-0.56","半年","0.12","0","0","0","0","0","0.194","0.689","0.216","0.099","0"
="6261","久元","01/08","70.2","-2.7","-3.7","半年","3.52","3.1","4.1","3","3","4","5","5","4","4","0"
="6271","同欣電","01/08","123","-6.5","-5.02","","4.803","5.911","6","6","2.445","5.5","9","7.77","2.4","3","0"
="6438","迅得","01/08","134.5","-4","-2.89","半年","4.433","2","4","2.8","1.525","4.145","6.302","8.847","4.443","5.832",""
="6464","台數科","01/08","76.6","-0.1","-0.13","半年","3.636","2","5","5.507","4.015","2.65","4.5","5","4.368","3.316","0"
="6472","保瑞","01/08","542","+47","+9.49","","4.58","0.8","0.5","3","2","2","3.5","8","12","14","0"
="6488","環球晶","01/08","450","-20","-4.26","半年","16.06","2.5","10","25","25","18","16","16","19","13",""
="6534","正瀚-創","01/08","90.3","-1.1","-1.2","半年","2.239","0.78","2.7","1","1.1","0.5","1.5","4.88","3.59","4.1",""
="6561","是方","01/08","359","-6","-1.64","半年","9.086","4.5","4.971","7.5","8","8.8","9.3","9","10.6","19.1",""
="6590","普鴻","01/08","73.5","+0.1","+0.14","半年","2.828","1.7","1.2","1.5","2.15","3.5","3.8","3.8","5","2.8",""
="6603","富強鑫","01/08","30.45","+2.75","+9.93","半年","0.258","0.299","0.591","0.499","0.099","0.05","0.3","0.3","0.145","0.297","0"
="6613","朋億*","01/08","200","-1.5","-0.74","半年","9.479","6","10","15","10","8","12","8.493","10.39","11.9","3"
="6616","特昇-KY","01/08","10.85","+0.98","+9.93","半年","0.71","0","1","1.8","2.2","2","0","0.1","0","0","0"
="6629","泰金-KY","01/08","121.5","-0.5","-0.41","半年","3.657","","","1.5","3.1","6.69","1","2.27","8.5","4.2","1.997"
="6655","科定","01/08","121.5","+1.5","+1.25","半年","5.589","2.5","1.6","2","2","16","4","6","12","4.2",""
="6672","騰輝電子-KY","01/08","88.3","-2.3","-2.54","半年","3.681","","1","3.347","5","3.2","6.6","3.6","3.35","3.35",""
="6679","鈺太","01/08","175","-2.5","-1.41","半年","5.105","","1","1.6","2.444","4.994","7.133","9","5.5","9.167",""
="6703","軒郁","01/08","107","+1","+0.94","半年","8.322","","","8","8","7.25","7.202","5.524","12.28","10",""
="6763","綠界科技*","01/08","57.2","0","0","半年","10.01","","","","9","17.2","8","15.1","18.2","1.6","0.95"
="6770","力積電","01/08","49.65","+0.45","+0.91","半年","0.591","","","","0.193","1.141","1.911","0.3","0","0",""
="6771","平和環保-創","01/08","44","0","0","半年","3.783","","","","4","3","4.2","4","4","3.5",""
="6782","視陽","01/08","181","+3.5","+1.97","半年","2.986","","","","2.8","1.1","4","5.5","2.4","5.1","0"
="6899","創為精密","01/08","53.5","+0.2","+0.38","半年","1.822","","","","","","0","3.5","3.183","2.429","0"
="7714","創泓科技","01/08","169.5","+5.5","+3.35","半年","3.5","","","","","","","","2.5","4.5",""
="7723","築間","01/08","32.6","-0.4","-1.21","半年","4.5","","","","","","","3.5","8","2",""
="7777","能率亞洲","01/08","24.35","-1.15","-4.51","半年","0.075","","","","","","","","0.15","0",""
="8070","長華*","01/08","45.2","+0.3","+0.67","半年","6.369","10","11","16.1","8.76","1.397","2.35","2.34","2.66","2.71",""
="8102","傑霖科技","01/08","58.3","-1.9","-3.16","半年","2.8","","","","","","","1.35","3","4.05",""
="8249","菱光","01/08","49.95","-0.95","-1.87","半年","1.475","1.6","1.6","1.3","1.2","1.3","1.289","1.878","1.092","2.017",""
="8299","群聯","01/08","1700","+25","+1.49","半年","18.01","14","17","13","13","33","23.28","8.876","8.659","31.31",""
="8426","紅木-KY","01/08","27.5","-0.05","-0.18","半年","1.07","4","1.7","0","0","0","0","0","2.5","2.5","0"
="8431","匯鑽科","01/08","78.8","+0.7","+0.9","","0.33","0","0","0","0","0.8","2.002","0.1","0.3","0.1","0"
="8444","綠河-KY","01/08","11.25","-0.35","-3.02","半年","1.067","3.1","4.2","2.004","0","0","0.3","0","0","0",""
="8446","華研","01/08","96.1","+0.3","+0.31","半年","6.167","5","5","10.5","8","3.5","4.5","5","6","8",""
="8941","關中","01/08","44","-0.25","-0.56","半年","3.5","3","8","3","1","2.5","3","8","5","1.5","0"
="8942","森鉅","01/08","34.15","-0.25","-0.73","半年","3.593","5.245","3.019","5.564","4","4.5","4.5","3.5","4.1","1.5","0"
="910322","康師傅-DR","01/08","23.15","-0.9","-3.74","半年","1.155","0.255","0.368","1.008","1.272","2.506","2.605","1.012","0","1.374",""
="9105","泰金寶-DR","01/08","5.77","-0.11","-1.87","半年","0.081","0.089","0.094","0.09","0.048","0.026","0.024","0.045","0.129","0.183",""
="910861","神州-DR","01/08","5.34","+0.07","+1.33","半年","0.124","0","0","0.062","0.189","0.214","0.286","0.108","0.144","0.114",""
="9802","鈺齊-KY","01/08","100","+0.1","+0.1","半年","4.361","3.195","4.113","3.626","5.519","3.8","4.171","7.19","5","5","2"
